{
  "baseline": {
    "final_loss": 4.984295606613159,
    "perplexity": 283.87841480448446
  },
  "annealing": {
    "final_loss": 4.983672256469727,
    "perplexity": 283.64597867012446
  },
  "tunneling": {
    "final_loss": 5.013085236549378,
    "perplexity": 287.4903660790164,
    "tunnel_rate": 0.9371062816094241
  },
  "ranking": [
    [
      "温度退火",
      4.983672256469727,
      283.64597867012446
    ],
    [
      "基线",
      4.984295606613159,
      283.87841480448446
    ],
    [
      "量子隧穿",
      5.013085236549378,
      287.4903660790164
    ]
  ]
}