{
  "num_samples": 10000,
  "num_epochs": 6,
  "train_losses": [
    5.417885800625416,
    4.465287323539139,
    4.192886709321475,
    4.068527930171777,
    4.092185436411107,
    4.825417415470096
  ],
  "val_ppls": [
    115.23258193115362,
    76.10450807804925,
    71.29022437595829,
    60.421232132485656,
    1199.2657381718448,
    108.16718129703486
  ],
  "best_val_ppl": 60.421232132485656,
  "best_epoch": 4,
  "overfit_epoch": null
}