{
  "baseline": {
    "final_loss": 0.025192031137911335,
    "generation_accuracy": 1.0,
    "losses": [
      5.475828170776367,
      4.479536533355713,
      3.7486134597233365,
      3.0606051172528947,
      2.4822115898132324,
      1.989346981048584,
      1.6081095252718245,
      1.306643315723964,
      1.0487558501107352,
      0.8236404487064907,
      0.6923891816820417,
      0.6021879400525775,
      0.5191310559000287,
      0.4627929542745863,
      0.47347855993679594,
      0.4042478842394693,
      0.36350550183228086,
      0.4072207638195583,
      0.3550599217414856,
      0.3158054713691984,
      0.31978025819574085,
      0.2664156215531485,
      0.31842753078256336,
      0.25711240087236675,
      0.2666681259870529,
      0.24422224717480795,
      0.20927788530077254,
      0.19669637509754725,
      0.19200516385691507,
      0.17075330444744655,
      0.1747399259890829,
      0.1361189649573394,
      0.10841768873589379,
      0.09910135769418307,
      0.12614953092166356,
      0.10650264471769333,
      0.0852101988026074,
      0.08474320386137281,
      0.09091939085296222,
      0.07317388110927173,
      0.06602989935449191,
      0.059451917718563764,
      0.06246463156172207,
      0.07058833645922798,
      0.05141997244209051,
      0.0418447269392865,
      0.04619614600336978,
      0.03580201230943203,
      0.04081960900553635,
      0.035825884102710655,
      0.03877928480505943,
      0.03328158227460725,
      0.03722089821738856,
      0.03536261099257639,
      0.03232086090637105,
      0.0301282795678292,
      0.028227381807352816,
      0.028118677670136094,
      0.02800424922523754,
      0.027157939770924195,
      0.027720971631684473,
      0.027671802589403733,
      0.030275957924979075,
      0.033179220743477345,
      0.02710589743219316,
      0.03581815908130791,
      0.034934714037392824,
      0.026843489879476174,
      0.03108674766761916,
      0.02994495816528797,
      0.028090348733322962,
      0.026531757287947193,
      0.03420291348759617,
      0.04021072015166283,
      0.025814987253397703,
      0.026138356387881295,
      0.0260999440215528,
      0.03263813200672822,
      0.02581663243472576,
      0.038075015447767716,
      0.03173993740762983,
      0.025051795777731707,
      0.033114870910399725,
      0.025638381717726588,
      0.032045132580346296,
      0.024781216168776155,
      0.025328357238322496,
      0.025106139946728945,
      0.025081800296902657,
      0.027331804590565816,
      0.025017754307815006,
      0.0326704779373748,
      0.02517416873680694,
      0.025199140022907938,
      0.025232240225055387,
      0.026832965335675647,
      0.032553684598367126,
      0.03363063741874482,
      0.02421414609333234,
      0.025192031137911335
    ]
  },
  "annealing": {
    "final_loss": 0.02608789107762277,
    "generation_accuracy": 1.0,
    "losses": [
      5.50638553074428,
      4.4204374722072055,
      3.5945522444588796,
      2.8964250087738037,
      2.414639983858381,
      1.9381993498120988,
      1.5359983273914881,
      1.2035893712724959,
      0.9354602268763951,
      0.8040927222796849,
      0.7009623731885638,
      0.5791107373578208,
      0.5109553549970899,
      0.4454575479030609,
      0.45477102058274405,
      0.44033125042915344,
      0.4149485571043832,
      0.43844442069530487,
      0.33951999459947857,
      0.3266881512744086,
      0.2902940128530775,
      0.24781968125275203,
      0.257474992956434,
      0.22249323342527663,
      0.20706819423607417,
      0.21046592082296098,
      0.1770095910344805,
      0.16985562869480678,
      0.182669854589871,
      0.1717469064252717,
      0.14502464926668576,
      0.15363525492804392,
      0.13654708649430955,
      0.12363106970276151,
      0.10402072966098785,
      0.08402551231639725,
      0.11711209480251585,
      0.10898996463843755,
      0.08904847289834704,
      0.08586862896169935,
      0.07581613532134465,
      0.07829688968403,
      0.05981027481279203,
      0.054287978048835485,
      0.051437144566859515,
      0.049225227375115664,
      0.045826965277748447,
      0.03902832259024892,
      0.03596139033990247,
      0.04748834403497832,
      0.03751708420791796,
      0.051243918548737256,
      0.03723661707980292,
      0.039967337024531195,
      0.033343887621802945,
      0.04294004796871117,
      0.03118717670440674,
      0.03155910888952868,
      0.04080702377749341,
      0.033746128635747094,
      0.03452563818011965,
      0.034813444529260905,
      0.030447779156799828,
      0.028217102700312222,
      0.0358194535864251,
      0.028472428110295107,
      0.02848344442567655,
      0.03646344934324069,
      0.027062204599912678,
      0.02977591792919806,
      0.03090831876865455,
      0.027653802851481096,
      0.028169916277485236,
      0.027666615022878562,
      0.027131496662540094,
      0.034489423335929005,
      0.03286894770073039,
      0.02703649620525539,
      0.03343178318547351,
      0.03323235735297203,
      0.027198345200823888,
      0.03351078541683299,
      0.03208719922362694,
      0.03254624402948788,
      0.026572214106896093,
      0.02849168563261628,
      0.026491359641243304,
      0.02640378268967782,
      0.026208525490281836,
      0.03406791774822133,
      0.026523332876552428,
      0.03427824617496559,
      0.0327626861232732,
      0.028788570314645767,
      0.02622806091260697,
      0.026394345997167484,
      0.032234101955379756,
      0.026268212024920752,
      0.026402520049097284,
      0.02608789107762277
    ]
  },
  "tunneling": {
    "final_loss": 0.034088030224666,
    "generation_accuracy": 1.0,